{"flutter":{"platforms":{"android":{"default":{"projectId":"the-owensboro-app","appId":"1:98602473214:android:54b1ed9addc283112237af","fileOutput":"android/app/google-services.json"}},"ios":{"default":{"projectId":"the-owensboro-app","appId":"1:98602473214:ios:a93762eee10d07162237af","uploadDebugSymbols":false,"fileOutput":"ios/Runner/GoogleService-Info.plist"}},"macos":{"default":{"projectId":"the-owensboro-app","appId":"1:98602473214:ios:a93762eee10d07162237af","uploadDebugSymbols":false,"fileOutput":"macos/Runner/GoogleService-Info.plist"}},"dart":{"lib/firebase_options.dart":{"projectId":"the-owensboro-app","configurations":{"android":"1:98602473214:android:54b1ed9addc283112237af","ios":"1:98602473214:ios:a93762eee10d07162237af","macos":"1:98602473214:ios:a93762eee10d07162237af","web":"1:98602473214:web:a717af4766233a5e2237af","windows":"1:98602473214:web:2dbe1d7977e5a3002237af"}}}}}}